<?xml version="1.0" encoding="utf-8" ?>
<dwsync>
<file name="icon.png" server="D:/www/5bus/" local="130755482760000000" remote="130755482760000000" Dst="0" />
<file name="icon-ext.png" server="D:/www/5bus/" local="130755377400000000" remote="130755377400000000" Dst="0" />
<file name="xubox_loading2.gif" server="D:/www/5bus/" local="130732445740000000" remote="130732445740000000" Dst="0" />
<file name="xubox_loading1.gif" server="D:/www/5bus/" local="130732445740000000" remote="130732445740000000" Dst="0" />
<file name="xubox_loading0.gif" server="D:/www/5bus/" local="130732445740000000" remote="130732445740000000" Dst="0" />
<file name="xubox_ico0.png" server="D:/www/5bus/" local="130732445740000000" remote="130732445740000000" Dst="0" />
<file name="textbg.png" server="D:/www/5bus/" local="130732445740000000" remote="130732445740000000" Dst="0" />
<file name="loading-2.gif" server="D:/www/5bus/" local="130732445740000000" remote="130732445740000000" Dst="0" />
<file name="loading-1.gif" server="D:/www/5bus/" local="130732445740000000" remote="130732445740000000" Dst="0" />
<file name="loading-0.gif" server="D:/www/5bus/" local="130732445740000000" remote="130732445740000000" Dst="0" />
<file name="icon_ext.png" server="D:/www/5bus/" local="130732445740000000" remote="130732445740000000" Dst="0" />
</dwsync>